{"train_loss": [0.42683262519836423, 0.36976241693496703, 0.37130231935977936, 0.3717574739217758, 0.3604353414058685, 0.3537358754873276, 0.354670271730423, 0.3572672363996506, 0.3528917509317398, 0.3418971425771713, 0.3475720591545105, 0.3461496032238007, 0.33753677735328674, 0.3396189776659012, 0.3387121253967285, 0.3394526509284973, 0.33995933420658114, 0.3437969753265381, 0.3374748229265213, 0.3266739580631256, 0.33555110430717466, 0.33805422801971435, 0.3306325808525085, 0.34208959991931914, 0.334688996219635, 0.19503116556853056, 0.06123488459289074, 0.038180369376391174, 0.032423534808587284, 0.024477107055764644, 0.0223285874635214, 0.020188501831074245, 0.010454098804056412, 0.02651901140579721, 0.006489566851279232, 0.012697470973458257, 0.013985412200882274, 0.007698866960177839, 0.005947865997054032, 0.008566732390555262, 0.0043661010980074935, 0.012606459877938323, 0.013046813375304918, 0.0020643286857131896, 0.0023031594716805557, 0.0074079179804452, 0.00839078073495366, 0.005414511246487723, 0.006175024842253879, 0.0029174424845266915, 0.006363843958239886, 0.003141999760741328, 0.0028109896685283276, 0.0046764910222585965], "val_loss": [0.2933895600135209, 0.35149669830427793, 0.2661572948831027, 0.23841852364970034, 0.23251257319756544, 0.2530816862654816, 0.27619009407980194, 0.3149764981792598, 0.26908604768130295, 0.26269533338605383, 0.2721061362513428, 0.2764145985978549, 0.24938091941055704, 0.25290973855009496, 0.2762971115731151, 0.26997284778480324, 0.2578605413029754, 0.25492865034465584, 0.25675837056395784, 0.24662974163319895, 0.24624783688229943, 0.2656643038890401, 0.27374031985066627, 0.24744329434600684, 0.2546843497968111, 0.16991811245679855, 0.11674635757468234, 0.17140784035207796, 0.18282166571239306, 0.14751423933019078, 0.3131131018751143, 0.21396618706932485, 0.1545058699742041, 0.07905492665439519, 0.15503802873153505, 0.17116090264476713, 0.24835223564878106, 0.39773824471405256, 0.166008802389095, 0.266711778511278, 0.12013660734672038, 0.16404913017740014, 0.15497407856838818, 0.18079548565857875, 0.18863064204660837, 0.16149557515332486, 0.4433888241389761, 0.32528666776138654, 0.12278203771133558, 0.15994997590254958, 0.20183738247288488, 0.17938765791943614, 0.21985502272355753, 0.232601382449025], "train_acc": [0.8051, 0.8412000000000001, 0.8374, 0.8425, 0.8459, 0.8502000000000001, 0.8507, 0.8441000000000001, 0.8452000000000001, 0.8552000000000001, 0.8499, 0.8506, 0.8555, 0.8542000000000001, 0.8536, 0.8528, 0.8524, 0.8516, 0.8520000000000001, 0.8624, 0.8583000000000001, 0.8547, 0.8569, 0.8550000000000001, 0.8611000000000001, 0.9221, 0.9771000000000001, 0.9853000000000001, 0.9879, 0.9913000000000001, 0.9918, 0.9931000000000001, 0.9965, 0.9922000000000001, 0.9981000000000001, 0.9954000000000001, 0.9965, 0.9972000000000001, 0.9983000000000001, 0.997, 0.9983000000000001, 0.9955, 0.9963000000000001, 0.9994000000000001, 0.9994000000000001, 0.9976, 0.9971000000000001, 0.9979, 0.9979, 0.9988, 0.9981000000000001, 0.9992000000000001, 0.9991000000000001, 0.9983000000000001], "val_acc": [0.8825136612021858, 0.8415300546448088, 0.907103825136612, 0.907103825136612, 0.9234972677595629, 0.9043715846994536, 0.8961748633879781, 0.8715846994535519, 0.9016393442622951, 0.9016393442622951, 0.8907103825136612, 0.8907103825136612, 0.912568306010929, 0.9043715846994536, 0.8989071038251366, 0.8989071038251366, 0.9043715846994536, 0.912568306010929, 0.907103825136612, 0.9153005464480874, 0.9153005464480874, 0.907103825136612, 0.8961748633879781, 0.907103825136612, 0.9098360655737705, 0.9262295081967213, 0.9508196721311475, 0.9453551912568307, 0.9480874316939891, 0.9590163934426229, 0.9289617486338798, 0.9508196721311475, 0.9590163934426229, 0.9781420765027322, 0.9562841530054644, 0.9453551912568307, 0.9480874316939891, 0.9098360655737705, 0.953551912568306, 0.9480874316939891, 0.9562841530054644, 0.953551912568306, 0.9453551912568307, 0.9617486338797814, 0.9590163934426229, 0.9562841530054644, 0.9344262295081968, 0.9316939890710383, 0.9644808743169399, 0.9562841530054644, 0.9562841530054644, 0.9480874316939891, 0.9672131147540983, 0.9453551912568307], "stage": [1, 1, 1, 1, 1, 1, 1, 1, 1, 1, 1, 1, 1, 1, 1, 1, 1, 1, 1, 1, 1, 1, 1, 1, 1, 2, 2, 2, 2, 2, 2, 2, 2, 2, 2, 2, 2, 2, 2, 2, 2, 2, 2, 2, 2, 2, 2, 2, 2, 2, 2, 2, 2, 2]}