{"train_loss": [0.5910049954414368, 0.4836786322593689, 0.4359394453048706, 0.41558251461982726, 0.39957148547172544, 0.38858307576179507, 0.3843092483282089, 0.38130632028579714, 0.3746678330421448, 0.3713089593410492, 0.37205596079826353, 0.3697444633483887, 0.3664602704524994, 0.36179346289634706, 0.3654241940498352, 0.3641695241451263, 0.3635823880195618, 0.35939012358188627, 0.36305872707366943, 0.3651201938152313, 0.35848971166610716, 0.3603253758430481, 0.3591239686489105, 0.36227886180877683, 0.3563753566265106, 0.3593157299518585, 0.3599116234779358, 0.3605600670337677, 0.3585208131313324, 0.3574518128871918, 0.25224464209079744, 0.12368582111001014, 0.06598653934895993, 0.03172129291146994, 0.022263309644535184, 0.01540749542452395, 0.011936662748642265, 0.009953094995487482, 0.007521315806079656, 0.00802894042013213, 0.005292042753472924, 0.007344112070230767, 0.005336874908953905, 0.0054426168331876395, 0.0026390396148199217, 0.004656149335199734, 0.0031679494197363964, 0.0032277269060199615, 0.001970088669355027, 0.007234403701097471, 0.003040284082473954], "val_loss": [0.5266596132614574, 0.4599941902147616, 0.4130011819750885, 0.3887619656291816, 0.3575871214677727, 0.37275652571128365, 0.385112243760479, 0.35980625108617253, 0.3511717203047758, 0.3446428653646688, 0.32339375136328524, 0.35225329617333545, 0.33720669435347367, 0.3390499814286258, 0.3292447036244179, 0.3215047708137439, 0.3287424267641182, 0.32733493033654054, 0.3261868576697313, 0.31086405590583716, 0.31977636713147817, 0.31830210983753204, 0.3325119376833973, 0.30665913045080634, 0.3438879569860104, 0.31414265987651596, 0.3214570350660001, 0.3149768385242243, 0.3210466127089464, 0.3292167950523356, 0.18660562705309663, 0.18915578930592927, 0.1990811769428149, 0.20007963573224233, 0.21476857272572206, 0.22641036014678212, 0.23275383067688818, 0.27944807177460423, 0.2744219637643851, 0.22156157946122473, 0.24713002127859884, 0.24268186549386367, 0.23260276281666722, 0.2715578379002629, 0.25940587688771793, 0.2934859563504941, 0.3215286637900672, 0.2656727242627044, 0.3156805502154096, 0.20154772267315557, 0.21472411905542585], "train_acc": [0.793, 0.8195, 0.8308000000000001, 0.8275, 0.8357, 0.8366, 0.8397, 0.8400000000000001, 0.8419000000000001, 0.8453, 0.8424, 0.8451000000000001, 0.8494, 0.8489, 0.8439000000000001, 0.8483, 0.8451000000000001, 0.8508, 0.8457, 0.8439000000000001, 0.8484, 0.8488, 0.8489, 0.8473, 0.8495, 0.8466, 0.8452000000000001, 0.8504, 0.8478, 0.8459, 0.899, 0.9559000000000001, 0.9797, 0.9922000000000001, 0.9947, 0.9964000000000001, 0.9971000000000001, 0.9976, 0.9982000000000001, 0.9976, 0.9988, 0.9986, 0.9987, 0.9984000000000001, 0.9998, 0.9986, 0.9994000000000001, 0.9993000000000001, 0.9995, 0.9978, 0.9992000000000001], "val_acc": [0.8333333333333334, 0.8333333333333334, 0.855191256830601, 0.860655737704918, 0.8743169398907104, 0.855191256830601, 0.8387978142076503, 0.860655737704918, 0.8770491803278688, 0.8633879781420765, 0.8770491803278688, 0.860655737704918, 0.8797814207650273, 0.8743169398907104, 0.8770491803278688, 0.8907103825136612, 0.8797814207650273, 0.8770491803278688, 0.8715846994535519, 0.8961748633879781, 0.8797814207650273, 0.8825136612021858, 0.8825136612021858, 0.9043715846994536, 0.8633879781420765, 0.8879781420765027, 0.8852459016393442, 0.8852459016393442, 0.8797814207650273, 0.8743169398907104, 0.9371584699453552, 0.9262295081967213, 0.9344262295081968, 0.9371584699453552, 0.9371584699453552, 0.9207650273224044, 0.9262295081967213, 0.9234972677595629, 0.9289617486338798, 0.9453551912568307, 0.9316939890710383, 0.9371584699453552, 0.9398907103825137, 0.9180327868852459, 0.9262295081967213, 0.9234972677595629, 0.9262295081967213, 0.9480874316939891, 0.9289617486338798, 0.9289617486338798, 0.9426229508196722], "stage": [1, 1, 1, 1, 1, 1, 1, 1, 1, 1, 1, 1, 1, 1, 1, 1, 1, 1, 1, 1, 1, 1, 1, 1, 1, 1, 1, 1, 1, 1, 2, 2, 2, 2, 2, 2, 2, 2, 2, 2, 2, 2, 2, 2, 2, 2, 2, 2, 2, 2, 2]}