{"train_loss": [0.4041545615196228, 0.3539723457813263, 0.3319365508556366, 0.33204597702026367, 0.3397993596315384, 0.33149986639022827, 0.3288936323881149, 0.3300588946580887, 0.32826937470436096, 0.3201932511806488, 0.32273328557014463, 0.322363064455986, 0.317778863286972, 0.32631851937770845, 0.32057671847343444, 0.3286582236289978, 0.31492091133594513, 0.32302971830368044, 0.32066762766838075, 0.3194756533622742, 0.32124261226654055, 0.3121879144191742, 0.3220385374546051, 0.3202643923521042, 0.3228166252851486, 0.3175374641418457, 0.32462299194335936, 0.311954950428009, 0.3179185851573944, 0.31991100628376007, 0.19038117989003658, 0.0640219733171165, 0.03542775921933353, 0.022620629384368658, 0.017081925142928958, 0.012642306615482084, 0.012251945228362456, 0.0057051078453077934, 0.00835544107608148, 0.006054783095431049, 0.008651935063803103, 0.01283777122066822, 0.007130340206180699, 0.005557311265319003, 0.005103207846908117, 0.006267345617810497, 0.0035063453976159507, 0.0018121572771684442, 0.0033761874497387906, 0.003917949491477338, 0.0031590806726489065, 0.0036142998157578403, 0.0044721924638186465, 0.002892934207014332, 0.001607965147257164, 0.0012475732882161537, 0.00162119861903916, 0.0004952055785675839, 0.0007838985133283131, 0.002187676703823763, 0.0006897597716415476, 0.003379018327791346, 0.0011240951246842088, 0.0008006239621634905, 0.003404043395206736, 0.0013920666267745218, 0.0015486191141083963, 0.0014906568870391994, 0.0014894041930306684, 0.002062537607515833, 0.0020955286669696307, 0.0005397209828492351, 0.0003297811423078883, 0.00045773172338165293, 0.0001965242175883759, 0.0002835220832664163, 0.0002039844435815212, 0.00022364963032739523, 0.0003707135990821598, 0.00012667080185509576, 0.0001281165184273732, 0.00013476018374528848, 0.0003783284890091608, 0.0005805706938671932, 0.0001231854139887439, 0.000250918127907056, 0.0001470413847320515, 9.404398756853141e-05, 5.17252949636287e-05, 4.9539226335934926e-05, 0.00010240310385279372, 0.00013813094427568727], "val_loss": [0.3888105927187888, 0.35631990752340664, 0.3340976134024031, 0.35491548702527914, 0.329388470862244, 0.348604644419717, 0.32942305885947465, 0.3282946258824054, 0.3287414384018528, 0.3610752087717499, 0.33821466381921145, 0.33796006158157127, 0.35901068720986934, 0.3290089839672456, 0.34456060985561276, 0.33694974935608485, 0.345507226436516, 0.3462748322941241, 0.329689906024542, 0.3379165023117443, 0.3212995239904995, 0.32165385176086686, 0.3220173917262932, 0.32263745306456676, 0.3462666101916566, 0.3444149495188982, 0.3356863527146519, 0.33544832349963527, 0.3335121610899115, 0.30734566886161196, 0.20725686619149858, 0.16815426807387482, 0.19195841381560422, 0.16364990292982798, 0.19471668966048997, 0.23678176914554222, 0.15095948991671082, 0.17109262724496077, 0.14464462102448317, 0.12808251852195715, 0.17563938451268074, 0.14176461205908727, 0.13933581640546927, 0.16436811223819525, 0.17304283815125623, 0.20571343226630567, 0.15929888651669383, 0.14991203418331614, 0.09879947654251518, 0.09840498152274837, 0.10361992751640685, 0.11367342583427989, 0.09608800216613571, 0.09734130145592584, 0.10364781004338382, 0.11960686792934738, 0.11476382865192612, 0.12075981829885464, 0.14480904466132624, 0.08927528564676263, 0.10570162158622254, 0.15048002049564677, 0.14002621601350973, 0.17659948192679212, 0.125237145254314, 0.1415949144984005, 0.09173243472357359, 0.1326260336417825, 0.11456657449213555, 0.08653545743961127, 0.08693048218794969, 0.06606132886244834, 0.07441390387235078, 0.08700476879621824, 0.08635810640600063, 0.10230795516894099, 0.1105396910011744, 0.09773295061012145, 0.08119900403061964, 0.07683053841197948, 0.08280601211915403, 0.07858953301096083, 0.07529667265137882, 0.07787652595902354, 0.09404288194376692, 0.07790101764911508, 0.08526764781251787, 0.07908042224514966, 0.07691832792660466, 0.07205572445339184, 0.08447112738216907, 0.08191510724116394], "train_acc": [0.8186, 0.8492000000000001, 0.861, 0.8555, 0.8549, 0.8585, 0.8546, 0.8597, 0.8613000000000001, 0.8671000000000001, 0.8614, 0.861, 0.8662000000000001, 0.8593000000000001, 0.867, 0.8591000000000001, 0.8649, 0.8627, 0.8616, 0.863, 0.8654000000000001, 0.8684000000000001, 0.8619, 0.8655, 0.859, 0.8677, 0.8622000000000001, 0.8643000000000001, 0.8632000000000001, 0.8603000000000001, 0.9248000000000001, 0.9773000000000001, 0.9887, 0.9919, 0.9944000000000001, 0.9966, 0.9963000000000001, 0.9984000000000001, 0.9972000000000001, 0.9976, 0.997, 0.9966, 0.9983000000000001, 0.9984000000000001, 0.9985, 0.9979, 0.9988, 0.9997, 0.9991000000000001, 0.9989, 0.9992000000000001, 0.9986, 0.9989, 0.9994000000000001, 0.9996, 0.9998, 0.9995, 1.0, 0.9997, 0.9993000000000001, 0.9999, 0.9992000000000001, 0.9997, 0.9996, 0.9992000000000001, 0.9996, 0.9994000000000001, 0.9997, 0.9996, 0.9993000000000001, 0.9998, 0.9999, 1.0, 0.9998, 1.0, 1.0, 1.0, 1.0, 0.9999, 1.0, 1.0, 1.0, 0.9999, 0.9998, 1.0, 1.0, 1.0, 1.0, 1.0, 1.0, 1.0, 1.0], "val_acc": [0.8333333333333334, 0.8579234972677595, 0.8633879781420765, 0.8633879781420765, 0.8688524590163934, 0.8743169398907104, 0.8661202185792349, 0.8661202185792349, 0.8743169398907104, 0.8442622950819673, 0.8688524590163934, 0.8688524590163934, 0.8497267759562841, 0.8633879781420765, 0.8579234972677595, 0.855191256830601, 0.8469945355191257, 0.860655737704918, 0.8688524590163934, 0.8633879781420765, 0.8688524590163934, 0.8688524590163934, 0.860655737704918, 0.8633879781420765, 0.855191256830601, 0.8579234972677595, 0.8497267759562841, 0.855191256830601, 0.8688524590163934, 0.8743169398907104, 0.9371584699453552, 0.9426229508196722, 0.9371584699453552, 0.953551912568306, 0.9508196721311475, 0.9262295081967213, 0.9508196721311475, 0.9508196721311475, 0.9453551912568307, 0.9590163934426229, 0.9426229508196722, 0.9617486338797814, 0.9617486338797814, 0.9480874316939891, 0.9562841530054644, 0.9480874316939891, 0.9426229508196722, 0.9617486338797814, 0.9644808743169399, 0.9617486338797814, 0.9726775956284153, 0.9617486338797814, 0.9726775956284153, 0.9644808743169399, 0.9562841530054644, 0.9562841530054644, 0.9672131147540983, 0.9672131147540983, 0.9508196721311475, 0.9808743169398907, 0.9590163934426229, 0.9562841530054644, 0.9644808743169399, 0.9508196721311475, 0.9508196721311475, 0.9508196721311475, 0.9672131147540983, 0.953551912568306, 0.953551912568306, 0.9726775956284153, 0.9672131147540983, 0.9726775956284153, 0.9726775956284153, 0.9644808743169399, 0.9699453551912568, 0.9617486338797814, 0.9644808743169399, 0.9699453551912568, 0.9726775956284153, 0.9781420765027322, 0.9754098360655737, 0.9726775956284153, 0.9781420765027322, 0.9726775956284153, 0.9672131147540983, 0.9699453551912568, 0.9590163934426229, 0.9726775956284153, 0.9672131147540983, 0.9699453551912568, 0.9699453551912568, 0.9726775956284153], "stage": [1, 1, 1, 1, 1, 1, 1, 1, 1, 1, 1, 1, 1, 1, 1, 1, 1, 1, 1, 1, 1, 1, 1, 1, 1, 1, 1, 1, 1, 1, 2, 2, 2, 2, 2, 2, 2, 2, 2, 2, 2, 2, 2, 2, 2, 2, 2, 2, 2, 2, 2, 2, 2, 2, 2, 2, 2, 2, 2, 2, 2, 2, 2, 2, 2, 2, 2, 2, 2, 2, 2, 2, 2, 2, 2, 2, 2, 2, 2, 2, 2, 2, 2, 2, 2, 2, 2, 2, 2, 2, 2, 2]}