{
  "MobileNetV2": {
    "accuracy": 0.9375,
    "precision_macro": 0.9377599524658349,
    "recall_macro": 0.9367867200237142,
    "f1_macro": 0.9372102166930021,
    "precision_weighted": 0.9375557040998217,
    "recall_weighted": 0.9375,
    "f1_weighted": 0.9374652260031603,
    "precision_defective": 0.9343434343434344,
    "recall_defective": 0.9487179487179487,
    "f1_defective": 0.9414758269720102,
    "precision_good": 0.9411764705882353,
    "recall_good": 0.9248554913294798,
    "f1_good": 0.9329446064139941,
    "inference_ms": 1.2141034419660255,
    "model_size_mb": 8.73115062713623,
    "total_params": 2226434,
    "trainable_params": 2226434
  },
  "ShuffleNetV2": {
    "accuracy": 0.8994565217391305,
    "precision_macro": 0.8992050308495492,
    "recall_macro": 0.898932859048466,
    "f1_macro": 0.8990622335890879,
    "precision_weighted": 0.8994355641649985,
    "recall_weighted": 0.8994565217391305,
    "f1_weighted": 0.8994393787760852,
    "precision_defective": 0.9030612244897959,
    "recall_defective": 0.9076923076923077,
    "f1_defective": 0.9053708439897699,
    "precision_good": 0.8953488372093024,
    "recall_good": 0.8901734104046243,
    "f1_good": 0.8927536231884058,
    "inference_ms": 0.7115890982132912,
    "model_size_mb": 4.960474967956543,
    "total_params": 1255654,
    "trainable_params": 1255654
  },
  "EfficientNetB0": {
    "accuracy": 0.9728260869565217,
    "precision_macro": 0.9730756671713123,
    "recall_macro": 0.972402549281162,
    "f1_macro": 0.9727100142382534,
    "precision_weighted": 0.9728644839126434,
    "recall_weighted": 0.9728260869565217,
    "f1_weighted": 0.9728164142299994,
    "precision_defective": 0.9695431472081218,
    "recall_defective": 0.9794871794871794,
    "f1_defective": 0.9744897959183674,
    "precision_good": 0.9766081871345029,
    "recall_good": 0.9653179190751445,
    "f1_good": 0.9709302325581395,
    "inference_ms": 1.5180826607153872,
    "model_size_mb": 15.588480949401855,
    "total_params": 4010110,
    "trainable_params": 4010110
  }
}